{
  "municipality": {
    "department": "Municipality",
    "roles": {
      "commissioner": {
        "title": "Commissioner",
        "credentials": {
          "ranchi": {
            "userId": "admin",
            "password": "admin",
            "name": "Dr. Rajesh Kumar Sharma"
          },
          "dhanbad": {
            "userId": "MUN_COMM_DHN_001", 
            "password": "Dhanbad@Comm2024",
            "name": "Mrs. Priya Singh"
          },
          "jamshedpur": {
            "userId": "MUN_COMM_JAM_001",
            "password": "Jamshedpur@Comm2024", 
            "name": "Mr. Anil Kumar Gupta"
          },
          "bokaro": {
            "userId": "MUN_COMM_BOK_001",
            "password": "Bokaro@Comm2024",
            "name": "Dr. Sunita Devi"
          }
        }
      },
      "executive_officer": {
        "title": "Executive Officer",
        "credentials": {
          "ranchi": {
            "userId": "MUN_EO_RAN_001",
            "password": "Ranchi@EO2024",
            "name": "Mr. Suresh Chandra Verma"
          },
          "dhanbad": {
            "userId": "MUN_EO_DHN_001",
            "password": "Dhanbad@EO2024", 
            "name": "Mrs. Kavita Sharma"
          },
          "jamshedpur": {
            "userId": "MUN_EO_JAM_001",
            "password": "Jamshedpur@EO2024",
            "name": "Mr. Deepak Kumar Singh"
          },
          "bokaro": {
            "userId": "MUN_EO_BOK_001",
            "password": "Bokaro@EO2024",
            "name": "Ms. Reeta Kumari"
          }
        }
      },
      "ward_inspector": {
        "title": "Ward Inspector", 
        "credentials": {
          "ranchi": {
            "userId": "MUN_WI_RAN_001",
            "password": "Ranchi@WI2024",
            "name": "Mr. Ramesh Kumar"
          },
          "dhanbad": {
            "userId": "MUN_WI_DHN_001",
            "password": "Dhanbad@WI2024",
            "name": "Mr. Vijay Prasad"
          },
          "jamshedpur": {
            "userId": "MUN_WI_JAM_001", 
            "password": "Jamshedpur@WI2024",
            "name": "Mrs. Sushila Devi"
          },
          "bokaro": {
            "userId": "MUN_WI_BOK_001",
            "password": "Bokaro@WI2024",
            "name": "Mr. Bharat Kumar"
          }
        }
      }
    }
  },
  "electricity_department": {
    "department": "Electricity Department",
    "roles": {
      "chief_engineer": {
        "title": "Chief Engineer",
        "credentials": {
          "ranchi": {
            "userId": "ELEC_CE_RAN_001",
            "password": "Ranchi@CE2024",
            "name": "Er. Manoj Kumar Jha"
          },
          "dhanbad": {
            "userId": "ELEC_CE_DHN_001",
            "password": "Dhanbad@CE2024",
            "name": "Er. Santosh Kumar"
          },
          "jamshedpur": {
            "userId": "ELEC_CE_JAM_001",
            "password": "Jamshedpur@CE2024", 
            "name": "Er. Rajendra Prasad"
          },
          "bokaro": {
            "userId": "ELEC_CE_BOK_001",
            "password": "Bokaro@CE2024",
            "name": "Er. Prakash Chandra"
          }
        }
      },
      "executive_engineer": {
        "title": "Executive Engineer",
        "credentials": {
          "ranchi": {
            "userId": "ELEC_EE_RAN_001",
            "password": "Ranchi@EE2024",
            "name": "Er. Amit Kumar Singh"
          },
          "dhanbad": {
            "userId": "ELEC_EE_DHN_001",
            "password": "Dhanbad@EE2024",
            "name": "Er. Nisha Kumari"
          },
          "jamshedpur": {
            "userId": "ELEC_EE_JAM_001",
            "password": "Jamshedpur@EE2024",
            "name": "Er. Ravi Shankar"
          },
          "bokaro": {
            "userId": "ELEC_EE_BOK_001", 
            "password": "Bokaro@EE2024",
            "name": "Er. Pooja Sharma"
          }
        }
      },
      "junior_engineer": {
        "title": "Junior Engineer",
        "credentials": {
          "ranchi": {
            "userId": "ELEC_JE_RAN_001",
            "password": "Ranchi@JE2024",
            "name": "Er. Rakesh Kumar"
          },
          "dhanbad": {
            "userId": "ELEC_JE_DHN_001",
            "password": "Dhanbad@JE2024",
            "name": "Er. Neha Singh"
          },
          "jamshedpur": {
            "userId": "ELEC_JE_JAM_001",
            "password": "Jamshedpur@JE2024",
            "name": "Er. Abhishek Kumar"
          },
          "bokaro": {
            "userId": "ELEC_JE_BOK_001",
            "password": "Bokaro@JE2024",
            "name": "Er. Sanjay Kumar"
          }
        }
      }
    }
  },
  "development_authority": {
    "department": "Development Authority",
    "roles": {
      "vice_chairman": {
        "title": "Vice Chairman",
        "credentials": {
          "ranchi": {
            "userId": "DEV_VC_RAN_001",
            "password": "Ranchi@VC2024",
            "name": "Mr. Ashok Kumar Sinha"
          },
          "dhanbad": {
            "userId": "DEV_VC_DHN_001",
            "password": "Dhanbad@VC2024",
            "name": "Mrs. Meera Devi"
          },
          "jamshedpur": {
            "userId": "DEV_VC_JAM_001",
            "password": "Jamshedpur@VC2024",
            "name": "Mr. Binod Kumar"
          },
          "bokaro": {
            "userId": "DEV_VC_BOK_001",
            "password": "Bokaro@VC2024", 
            "name": "Mrs. Saroj Kumari"
          }
        }
      },
      "planning_officer": {
        "title": "Planning Officer",
        "credentials": {
          "ranchi": {
            "userId": "DEV_PO_RAN_001",
            "password": "Ranchi@PO2024",
            "name": "Mr. Dinesh Kumar Pandey"
          },
          "dhanbad": {
            "userId": "DEV_PO_DHN_001",
            "password": "Dhanbad@PO2024",
            "name": "Mrs. Geeta Sharma"
          },
          "jamshedpur": {
            "userId": "DEV_PO_JAM_001",
            "password": "Jamshedpur@PO2024",
            "name": "Mr. Rahul Kumar"
          },
          "bokaro": {
            "userId": "DEV_PO_BOK_001",
            "password": "Bokaro@PO2024",
            "name": "Ms. Anita Kumari"
          }
        }
      },
      "site_inspector": {
        "title": "Site Inspector",
        "credentials": {
          "ranchi": {
            "userId": "DEV_SI_RAN_001",
            "password": "Ranchi@SI2024",
            "name": "Mr. Mukesh Kumar"
          },
          "dhanbad": {
            "userId": "DEV_SI_DHN_001",
            "password": "Dhanbad@SI2024",
            "name": "Mr. Ajay Kumar Singh"
          },
          "jamshedpur": {
            "userId": "DEV_SI_JAM_001",
            "password": "Jamshedpur@SI2024",
            "name": "Mrs. Shanti Devi"
          },
          "bokaro": {
            "userId": "DEV_SI_BOK_001",
            "password": "Bokaro@SI2024",
            "name": "Mr. Sunil Kumar"
          }
        }
      }
    }
  }
}